{
    "Invoices":[
    {
        "ShipperName": "juMdmLAODxUntbKhniitQLLxOCWhLxFH",
        "ProductName": "zTKYmDjacjwSOodKGkFBHDueOWXSfHIF",
        "Quantity": 22795,
        "ExtendedPrice": 44639728311.4492,
        "Status": "1"
    },
    {
        "ShipperName": "JRYqVLzWShpVRVPFRwVXzKiubCCZrnxt",
        "ProductName": "DKRXQimDDkIAdBaWSKaYNUqhUBiHQdij",
        "Quantity": 15905,
        "ExtendedPrice": 10610915487.6321,
        "Status": "2"
    },
    {
        "ShipperName": "sHmMREXCUyYdziXfSpiWfBiVzLyIXhAi",
        "ProductName": "gLRUFziDUiJkdIcLWYHavbllBenMwKrV",
        "Quantity": 21185,
        "ExtendedPrice": 68475795770.0639,
        "Status": "3"
    },
    {
        "ShipperName": "nWtZzCYjtCNWaslJoEDlwUcGJtGyjImG",
        "ProductName": "cYeJhdGKwRQnzHSUoXlJACgNDIOrDuDD",
        "Quantity": 29398,
        "ExtendedPrice": 9009565412.9981,
        "Status": "4"
    },
    {
        "ShipperName": "fXLdtdJIeuvINFIOwygNQigkpwfsvuGV",
        "ProductName": "JhieLAdzrPdGtioeMswYtJiLxCbUkVST",
        "Quantity": 23654,
        "ExtendedPrice": 84610293898.7314,
        "Status": "5"
    },
    {
        "ShipperName": "QNtrUvoVUrmxKfSOMLanAEXhidceuDcP",
        "ProductName": "uloiyjfHNIyjNcBrrBpUYnGLPShqMxuG",
        "Quantity": 273,
        "ExtendedPrice": 86232712771.7435,
        "Status": "6"
    },
    {
        "ShipperName": "cBWyUTXLWGTriXNdiMguOlngJZqanALu",
        "ProductName": "TXeFiFJsOCOfJcXSslGZTuJqdTtVRnok",
        "Quantity": 3033,
        "ExtendedPrice": 47911263979.04,
        "Status": "7"
    },
    {
        "ShipperName": "JYSSZCdlHaVQLWZFROQEPDtzYHBxRsjv",
        "ProductName": "ibFBdLUdKOAQNesnajRAdNsgsEYkubjH",
        "Quantity": 27133,
        "ExtendedPrice": 47723856661.4687,
        "Status": "8"
    },
    {
        "ShipperName": "TScDAYQHkGDOcAXlXVNSDzckRBBTfVVC",
        "ProductName": "hVKrcQeWpBnnLltiurULsdwrgvyZShZj",
        "Quantity": 14139,
        "ExtendedPrice": 40768184768.9673,
        "Status": "9"
    },
    {
        "ShipperName": "oHbbsUPobuECdRDDoaBYvixAcAfqsHWx",
        "ProductName": "XyPimkdFWsVJDbGVMchmCHjnUXKXRnWt",
        "Quantity": 32539,
        "ExtendedPrice": 49344474449.7537,
        "Status": "0"
    },
    {
        "ShipperName": "xuJdGCFZRemsArARVMOlmkjETPExpxck",
        "ProductName": "NizWNoednhFJYFGCYoWvmsZHTvlPNUSF",
        "Quantity": 3848,
        "ExtendedPrice": 84536146791.6518,
        "Status": "1"
    },
    {
        "ShipperName": "EbHzdMVafoIgnEKIniafzQUUJcxDZsez",
        "ProductName": "iiULLMMVFqCrBrVEvPrTYxxMDPvhXLFQ",
        "Quantity": 1285,
        "ExtendedPrice": 28299405355.9377,
        "Status": "2"
    },
    {
        "ShipperName": "awooKIgNiCLaIkbtzAWjfPULNmVucMwA",
        "ProductName": "TSQRXTYQxrxyNzDcGsKpaRVyqYwYwhWR",
        "Quantity": 25521,
        "ExtendedPrice": 32135068532.0794,
        "Status": "3"
    },
    {
        "ShipperName": "sZeaIPJtbHlkqxpUoMGEbUcyfYDxkUmQ",
        "ProductName": "KfKasEbHLIBfBehMCdsSvepbMraImWKB",
        "Quantity": 29771,
        "ExtendedPrice": 155676784.9251,
        "Status": "4"
    },
    {
        "ShipperName": "hLtEDGcaOKulbEbpTaoelZvtjKHIMomg",
        "ProductName": "NPsyzgIjloqPCKIkTnjbVcvWDyxWnxrG",
        "Quantity": 13478,
        "ExtendedPrice": 79480406921.3569,
        "Status": "5"
    },
    {
        "ShipperName": "teHUmyyFcxMoJrUTrZjzCIMADfijUnGT",
        "ProductName": "kjzGZvRNBUjMRDjTsDdhOkpPTzbAdaHw",
        "Quantity": 4458,
        "ExtendedPrice": 82780630304.4781,
        "Status": "6"
    },
    {
        "ShipperName": "efdODWeRaXrEdKkmudOtLJsHWLinpfFH",
        "ProductName": "BopoYgHFMLUOvGNlUXzBCJgwXVhDTvCJ",
        "Quantity": 4674,
        "ExtendedPrice": 39059756975.6209,
        "Status": "7"
    },
    {
        "ShipperName": "ekyMfrugtBODCHktQpPjRnsGTQpePIkh",
        "ProductName": "MDPDtpMWkXYDRnHClZzICiqGGIHoJMmd",
        "Quantity": 30885,
        "ExtendedPrice": 95817490410.991,
        "Status": "8"
    },
    {
        "ShipperName": "sAMiXYaMnyCbaKUGpbBiQFFuNeiYQwfp",
        "ProductName": "NxFvZCTspItiCelbWIexYJwAJZHnrCCf",
        "Quantity": 10493,
        "ExtendedPrice": 77399128023.535,
        "Status": "9"
    },
    {
        "ShipperName": "wQiDdWaTUwnWkjdlcqRFifDrbtefXASs",
        "ProductName": "tcHuNPVyefBihMVuONaanOvVPfLjPAzE",
        "Quantity": 2096,
        "ExtendedPrice": 78568896278.7389,
        "Status": "0"
    }
]
}