[
  {
    "routes": ["/injectors/:id"],
    "description": "This description is injected using the injectors by matching the pattern '/injectors/:id'."
  },
  {
    "routes": ["/injectors/1"],
    "override": true,
    "mock": "This data is injected using the injectors by matching the pattern '/injectors/1'."
  },
  {
    "routes": ["/injectors/2"],
    "override": true,
    "mock": "This data is injected using the injectors by matching the pattern '/injectors/2'."
  },
  {
    "routes": ["/injectors/:id"],
    "override": true,
    "exact": true,
    "statusCode": 200,
    "mock": "This data is injected using the injectors by exactly matching the route '/injectors/:id'."
  },
  {
    "routes": ["/(.*)"],
    "description": "This Description is injected using the injectors. Set 'Override' flag to true to override the existing config values."
  }
]