{
  "/customMockData/1": {
    "_config": true,
    "mock": [
      {
        "userId": 1,
        "id": 1,
        "title": "Lorem ipsum dolor sit.",
        "body": "Lorem ipsum dolor sit amet consectetur adipisicing elit. Est, dolorem."
      },
      {
        "userId": 1,
        "id": 2,
        "title": "Lorem ipsum dolor sit.",
        "body": "Lorem ipsum dolor sit amet consectetur adipisicing elit. Est, dolorem."
      },
      {
        "userId": 1,
        "id": 3,
        "title": "Lorem ipsum dolor sit.",
        "body": "Lorem ipsum dolor sit amet consectetur adipisicing elit. Est, dolorem."
      },
      {
        "userId": 1,
        "id": 4,
        "title": "Lorem ipsum dolor sit.",
        "body": "Lorem ipsum dolor sit amet consectetur adipisicing elit. Est, dolorem."
      },
      {
        "userId": 1,
        "id": 5,
        "title": "Lorem ipsum dolor sit.",
        "body": "Lorem ipsum dolor sit amet consectetur adipisicing elit. Est, dolorem."
      }
    ]
  }
}
